<archive xmlns="http://rs.tdwg.org/dwc/text/" metadata="eml.xml">
  <core encoding="utf-8" fieldsTerminatedBy="\t" linesTerminatedBy="\n" fieldsEnclosedBy="" ignoreHeaderLines="0" rowType="http://rs.tdwg.org/dwc/terms/Taxon">
    <files>
      <location>taxon.txt</location>
    </files>
    <id index="0" />
    <field index="1" term="http://rs.tdwg.org/dwc/terms/scientificName"/>
    <field index="2" term="http://rs.tdwg.org/dwc/terms/kingdom"/>
    <field index="3" term="http://rs.tdwg.org/dwc/terms/phylum"/>
    <field index="4" term="http://rs.tdwg.org/dwc/terms/class"/>
    <field index="5" term="http://rs.tdwg.org/dwc/terms/order"/>
    <field index="6" term="http://rs.tdwg.org/dwc/terms/family"/>
    <field index="7" term="http://rs.tdwg.org/dwc/terms/genus"/>
    <field index="8" term="http://rs.tdwg.org/dwc/terms/specificEpithet"/>
    <field index="9" term="http://rs.tdwg.org/dwc/terms/scientificNameAuthorship"/>
    <field index="10" term="http://rs.tdwg.org/dwc/terms/taxonRank"/>
    <field index="11" term="http://rs.tdwg.org/dwc/terms/infraspecificEpithet"/>
    <field index="12" term="http://rs.tdwg.org/dwc/terms/taxonomicStatus"/>
    <field index="13" term="http://rs.tdwg.org/dwc/terms/acceptedNameUsageID"/>
    <field index="14" term="http://purl.org/dc/terms/bibliographicCitation"/>
    <field index="15" term="http://purl.org/dc/terms/references"/>
  </core>
  <extension encoding="utf-8" fieldsTerminatedBy="\t" linesTerminatedBy="\n" fieldsEnclosedBy="" ignoreHeaderLines="0" rowType="http://rs.gbif.org/terms/1.0/VernacularName">
    <files>
      <location>vernacularname.txt</location>
    </files>
    <coreid index="0" />
    <field index="1" term="http://purl.org/dc/terms/language"/>
    <field index="2" term="http://rs.tdwg.org/dwc/terms/vernacularName"/>
    <field index="3" term="http://rs.gbif.org/terms/1.0/isPreferredName"/>
  </extension>
  <extension encoding="utf-8" fieldsTerminatedBy="\t" linesTerminatedBy="\n" fieldsEnclosedBy="" ignoreHeaderLines="0" rowType="http://rs.gbif.org/terms/1.0/Distribution">
    <files>
      <location>distribution.txt</location>
    </files>
    <coreid index="0" />
    <field index="1" term="http://purl.org/dc/terms/source"/>
    <field index="2" term="http://rs.tdwg.org/dwc/terms/establishmentMeans"/>
    <field index="3" term="http://iucn.org/terms/threatStatus"/>
    <field index="4" term="http://rs.tdwg.org/dwc/terms/countryCode"/>
    <field index="5" term="http://rs.tdwg.org/dwc/terms/locality"/>
    <field index="6" term="http://rs.tdwg.org/dwc/terms/occurrenceStatus"/>
  </extension>
</archive>
